skill_abr,skill_name,broader_concept,related_concept,narrower_concept
PRCH,Purchasing,SUPL,,
SUPL,Supply Chain,GENB,,DIST
PR,Public Relations,MRKT,ADVR,
SCI,Science,,,RSCH
STRA,Strategy/Planning,MGMT,,
WRT,Writing/Editing,ART,,
QA,Quality Assurance,RSCH,,
DIST,Distribution,SUPL,,
PROD,Production,GENB,,
PRJM,Project Management,MGMT,STRA,
ADVR,Advertising,MRKT,,MRKT
RSCH,Research,SCI,,QA
HR,Human Resources,MGMT,,
LGL,Legal,GENB,,
PRDM,Product Management,MGMT,ANLS,
MRKT,Marketing,GENB,,
EDU,Education,,,
TRNG,Training,,,
ANLS,Analyst,BD,,
FIN,Finance,GENB,SALE,
SALE,Sales,GENB,,
BD,Business Development,MGMT,STRA,ANLS
MGMT,Management,GENB,,STRA
MNFC,Manufacturing,PROD,,
GENB,General Business,,,SUPL
CUST,Customer Service,GENB,,
ENG,Engineering,SCI,,
OTHR,Other,,,
CNSL,Consulting,MGMT,,
ACCT,Accounting/Auditing,FIN,,
HCPR,Health Care Provider,,,
DSGN,Design,ART,,
ART,Art/Creative,,,WRT
IT,Information Technology,,,
ADM,Administrative,GENB,,
